Issue_ID,Category,Urgency_Score,Status,Description,Latitude,Longitude,Upvotes
IND-AMC-76075,Broken Footpath / Paver Blocks,3,Pending,"Dislodged pavement paver tiles creating tripping risk for senior citizens at Vastrapur Lake Circle, Ahmedabad.",23.063948,72.514107,6
IND-AMC-85471,Pothole / Road Cavity,6,Resolved,"Deep road crater causing severe vehicle damage and traffic bottleneck on Prahlad Nagar Road, Ahmedabad.",23.067566,72.57005,3
IND-AMC-22935,Broken Streetlight / Dark Spot,7,Resolved,"Non-functional sodium/LED street illumination creating unsafe dark corridor at Satellite Shyamal Cross, Ahmedabad.",22.988656,72.571195,35
IND-AMC-12348,Dangling Electric Cable,9,Pending,"Low-hanging damaged power conductor cable posing electrocution threat near Chandkheda Ring Road, Ahmedabad.",23.062649,72.550452,29
IND-BMC-23324,Water Pipeline Burst,7,Pending,"High pressure drinking water main pipeline leak submerging carriageway at Ghatkopar Station Road, Mumbai.",19.086666,72.858284,21
IND-AMC-12787,Water Pipeline Burst,7,Pending,"High pressure drinking water main pipeline leak submerging carriageway at Prahlad Nagar Road, Ahmedabad.",23.028646,72.620311,17
IND-MCD-54493,Garbage Dump / Kachra Kundi,4,In Progress,"Overflowing municipal waste collection vat spilling into the street near Vikas Marg, Laxmi Nagar, Delhi-NCR.",28.661886,77.235429,27
IND-AMC-96349,Garbage Dump / Kachra Kundi,5,In Progress,"Overflowing municipal waste collection vat spilling into the street near Ghatlodia Ward 8, Ahmedabad.",22.980144,72.514048,46
IND-BMC-34801,Pothole / Road Cavity,6,In Progress,"Deep road crater causing severe vehicle damage and traffic bottleneck on Powai Lake Road, Mumbai.",19.023643,72.8584,20
IND-AMC-90436,Water Pipeline Burst,9,In Progress,"High pressure drinking water main pipeline leak submerging carriageway at SG Highway near Bodakdev, Ahmedabad.",22.976944,72.557411,35
IND-AMC-10222,Open Manhole / Gutter,10,Resolved,"Uncovered sewer chamber posing critical fatal falling hazard to pedestrians at C.G. Road, Ahmedabad.",22.973772,72.589153,25
IND-BMC-85563,Broken Streetlight / Dark Spot,5,Pending,"Non-functional sodium/LED street illumination creating unsafe dark corridor at Western Express Highway, Andheri, Mumbai.",19.099432,72.904331,19
IND-AMC-58742,Water Pipeline Burst,8,In Progress,"High pressure drinking water main pipeline leak submerging carriageway at Ghatlodia Ward 8, Ahmedabad.",23.08119,72.585211,30
IND-MCD-52386,Fallen Tree / Heavy Bough,10,Pending,"Uprooted monsoon tree obstructing dual carriageway and pedestrian access at Connaught Place Outer Circle, Delhi-NCR.",28.620136,77.160249,3
IND-AMC-44083,Water Pipeline Burst,8,In Progress,"High pressure drinking water main pipeline leak submerging carriageway at Paldi Bus Stop, Ahmedabad.",23.055983,72.539728,3
IND-AMC-97583,Garbage Dump / Kachra Kundi,4,In Progress,"Overflowing municipal waste collection vat spilling into the street near SG Highway near Bodakdev, Ahmedabad.",22.963971,72.55287,43
IND-MCD-16554,Dangling Electric Cable,10,In Progress,"Low-hanging damaged power conductor cable posing electrocution threat near Connaught Place Outer Circle, Delhi-NCR.",28.586307,77.227199,25
IND-AMC-66232,Broken Footpath / Paver Blocks,5,Pending,"Dislodged pavement paver tiles creating tripping risk for senior citizens at Chandkheda Ring Road, Ahmedabad.",23.010692,72.543758,30
IND-AMC-67423,Broken Streetlight / Dark Spot,4,Resolved,"Non-functional sodium/LED street illumination creating unsafe dark corridor at Paldi Bus Stop, Ahmedabad.",22.985265,72.587478,46
IND-AMC-72045,Pothole / Road Cavity,8,Resolved,"Deep road crater causing severe vehicle damage and traffic bottleneck on Maninagar Railway Cross, Ahmedabad.",22.990742,72.5487,27
IND-AMC-59526,Dangling Electric Cable,8,In Progress,"Low-hanging damaged power conductor cable posing electrocution threat near Navrangpura Main Road, Ahmedabad.",23.040467,72.540746,41
IND-AMC-79189,Garbage Dump / Kachra Kundi,5,Pending,"Overflowing municipal waste collection vat spilling into the street near Sindhu Bhavan Marg, Ahmedabad.",23.057598,72.634204,24
IND-AMC-19374,Pothole / Road Cavity,8,In Progress,"Deep road crater causing severe vehicle damage and traffic bottleneck on Vastrapur Lake Circle, Ahmedabad.",22.959202,72.628223,37
IND-AMC-82721,Pothole / Road Cavity,9,Pending,"Deep road crater causing severe vehicle damage and traffic bottleneck on C.G. Road, Ahmedabad.",23.057492,72.533692,19
IND-AMC-87706,Open Manhole / Gutter,8,In Progress,"Uncovered sewer chamber posing critical fatal falling hazard to pedestrians at Ashram Road near Income Tax, Ahmedabad.",23.002895,72.523494,42
IND-AMC-81365,Broken Footpath / Paver Blocks,5,Resolved,"Dislodged pavement paver tiles creating tripping risk for senior citizens at Ghatlodia Ward 8, Ahmedabad.",23.005479,72.58425,13
IND-BBMP-20153,Broken Footpath / Paver Blocks,4,In Progress,"Dislodged pavement paver tiles creating tripping risk for senior citizens at Whitefield Main Road, Bengaluru.",12.987013,77.552149,32
IND-AMC-61519,Broken Footpath / Paver Blocks,3,Pending,"Dislodged pavement paver tiles creating tripping risk for senior citizens at Prahlad Nagar Road, Ahmedabad.",23.03732,72.557666,37
IND-AMC-37193,Open Manhole / Gutter,8,In Progress,"Uncovered sewer chamber posing critical fatal falling hazard to pedestrians at Drive-in Road, Ahmedabad.",23.014625,72.599425,40
IND-BMC-44791,Water Pipeline Burst,7,In Progress,"High pressure drinking water main pipeline leak submerging carriageway at Powai Lake Road, Mumbai.",19.05831,72.843155,27
IND-AMC-44919,Garbage Dump / Kachra Kundi,5,In Progress,"Overflowing municipal waste collection vat spilling into the street near Nikol Ring Road, Ahmedabad.",23.043922,72.635899,1
IND-AMC-98493,Garbage Dump / Kachra Kundi,6,Resolved,"Overflowing municipal waste collection vat spilling into the street near Prahlad Nagar Road, Ahmedabad.",23.029924,72.549894,42
IND-AMC-24607,Open Manhole / Gutter,9,Pending,"Uncovered sewer chamber posing critical fatal falling hazard to pedestrians at SG Highway near Bodakdev, Ahmedabad.",23.008453,72.5479,45
IND-AMC-59696,Fallen Tree / Heavy Bough,7,Pending,"Uprooted monsoon tree obstructing dual carriageway and pedestrian access at Maninagar Railway Cross, Ahmedabad.",23.06006,72.531723,31
IND-AMC-50714,Broken Streetlight / Dark Spot,7,Pending,"Non-functional sodium/LED street illumination creating unsafe dark corridor at C.G. Road, Ahmedabad.",23.063818,72.619207,4
IND-AMC-97580,Garbage Dump / Kachra Kundi,3,In Progress,"Overflowing municipal waste collection vat spilling into the street near Sindhu Bhavan Marg, Ahmedabad.",23.045969,72.599279,20
IND-AMC-97707,Garbage Dump / Kachra Kundi,6,In Progress,"Overflowing municipal waste collection vat spilling into the street near Ashram Road near Income Tax, Ahmedabad.",23.032568,72.629478,34
IND-AMC-38909,Open Manhole / Gutter,10,In Progress,"Uncovered sewer chamber posing critical fatal falling hazard to pedestrians at Ashram Road near Income Tax, Ahmedabad.",23.086445,72.556514,23
IND-AMC-57713,Broken Footpath / Paver Blocks,2,Pending,"Dislodged pavement paver tiles creating tripping risk for senior citizens at Ghatlodia Ward 8, Ahmedabad.",23.062574,72.550026,19
IND-AMC-13019,Dangling Electric Cable,10,Resolved,"Low-hanging damaged power conductor cable posing electrocution threat near Ashram Road near Income Tax, Ahmedabad.",22.997043,72.583221,35
IND-AMC-99381,Dangling Electric Cable,9,Pending,"Low-hanging damaged power conductor cable posing electrocution threat near Bopal-Ambli Road, Ahmedabad.",23.031802,72.509952,47
IND-AMC-21888,Water Pipeline Burst,9,Pending,"High pressure drinking water main pipeline leak submerging carriageway at Sindhu Bhavan Marg, Ahmedabad.",23.086574,72.52821,29
IND-AMC-49148,Fallen Tree / Heavy Bough,7,Pending,"Uprooted monsoon tree obstructing dual carriageway and pedestrian access at Ghatlodia Ward 8, Ahmedabad.",22.968491,72.555555,4
IND-AMC-17644,Broken Streetlight / Dark Spot,5,Pending,"Non-functional sodium/LED street illumination creating unsafe dark corridor at Ghatlodia Ward 8, Ahmedabad.",22.968428,72.601513,1
IND-AMC-81869,Open Manhole / Gutter,8,Pending,"Uncovered sewer chamber posing critical fatal falling hazard to pedestrians at Navrangpura Main Road, Ahmedabad.",22.968526,72.511773,28
IND-AMC-82211,Dangling Electric Cable,10,Pending,"Low-hanging damaged power conductor cable posing electrocution threat near Prahlad Nagar Road, Ahmedabad.",23.084268,72.506979,36
IND-AMC-17142,Water Pipeline Burst,9,Pending,"High pressure drinking water main pipeline leak submerging carriageway at Vastrapur Lake Circle, Ahmedabad.",23.072789,72.539637,35
IND-AMC-63002,Broken Footpath / Paver Blocks,3,In Progress,"Dislodged pavement paver tiles creating tripping risk for senior citizens at Bopal-Ambli Road, Ahmedabad.",23.015667,72.614493,7
IND-AMC-87084,Broken Streetlight / Dark Spot,6,Pending,"Non-functional sodium/LED street illumination creating unsafe dark corridor at Vastrapur Lake Circle, Ahmedabad.",22.997564,72.596104,31
IND-AMC-38988,Broken Footpath / Paver Blocks,4,Pending,"Dislodged pavement paver tiles creating tripping risk for senior citizens at Sindhu Bhavan Marg, Ahmedabad.",23.030261,72.586451,34
IND-BBMP-60733,Water Pipeline Burst,8,Resolved,"High pressure drinking water main pipeline leak submerging carriageway at Silk Board Junction, Bengaluru.",13.018649,77.601562,1
IND-AMC-13458,Dangling Electric Cable,10,Pending,"Low-hanging damaged power conductor cable posing electrocution threat near Bopal-Ambli Road, Ahmedabad.",23.032323,72.622967,38
IND-AMC-15705,Dangling Electric Cable,10,In Progress,"Low-hanging damaged power conductor cable posing electrocution threat near Satellite Shyamal Cross, Ahmedabad.",23.002068,72.506877,25
IND-AMC-15018,Garbage Dump / Kachra Kundi,6,Pending,"Overflowing municipal waste collection vat spilling into the street near Paldi Bus Stop, Ahmedabad.",23.015871,72.513474,42
IND-AMC-59455,Dangling Electric Cable,9,Pending,"Low-hanging damaged power conductor cable posing electrocution threat near SG Highway near Bodakdev, Ahmedabad.",22.99631,72.521394,27
IND-MCD-55604,Fallen Tree / Heavy Bough,10,In Progress,"Uprooted monsoon tree obstructing dual carriageway and pedestrian access at Rohini Sector 11, Delhi-NCR.",28.614103,77.151331,42
IND-AMC-39335,Water Pipeline Burst,8,Pending,"High pressure drinking water main pipeline leak submerging carriageway at Ghatlodia Ward 8, Ahmedabad.",23.087431,72.612511,24
IND-AMC-13921,Open Manhole / Gutter,9,Resolved,"Uncovered sewer chamber posing critical fatal falling hazard to pedestrians at Nikol Ring Road, Ahmedabad.",23.053469,72.565029,44
IND-AMC-38754,Broken Streetlight / Dark Spot,6,Pending,"Non-functional sodium/LED street illumination creating unsafe dark corridor at Ashram Road near Income Tax, Ahmedabad.",22.993056,72.531333,43
IND-AMC-76622,Dangling Electric Cable,10,In Progress,"Low-hanging damaged power conductor cable posing electrocution threat near Maninagar Railway Cross, Ahmedabad.",22.987239,72.596481,43
IND-AMC-70966,Pothole / Road Cavity,8,In Progress,"Deep road crater causing severe vehicle damage and traffic bottleneck on Nikol Ring Road, Ahmedabad.",22.95786,72.537686,28
IND-AMC-74521,Broken Footpath / Paver Blocks,3,In Progress,"Dislodged pavement paver tiles creating tripping risk for senior citizens at Nikol Ring Road, Ahmedabad.",23.024347,72.515395,19
IND-BBMP-48218,Broken Footpath / Paver Blocks,4,Resolved,"Dislodged pavement paver tiles creating tripping risk for senior citizens at Whitefield Main Road, Bengaluru.",12.93501,77.568879,34
IND-AMC-27554,Broken Streetlight / Dark Spot,6,In Progress,"Non-functional sodium/LED street illumination creating unsafe dark corridor at Navrangpura Main Road, Ahmedabad.",22.9935,72.578878,43
IND-MCD-85233,Dangling Electric Cable,8,Pending,"Low-hanging damaged power conductor cable posing electrocution threat near Dwarka Sector 6 Underpass, Delhi-NCR.",28.665634,77.157335,12
IND-AMC-95022,Open Manhole / Gutter,9,In Progress,"Uncovered sewer chamber posing critical fatal falling hazard to pedestrians at Ghatlodia Ward 8, Ahmedabad.",23.006526,72.636091,6
IND-AMC-79255,Water Pipeline Burst,7,Resolved,"High pressure drinking water main pipeline leak submerging carriageway at Satellite Shyamal Cross, Ahmedabad.",23.009807,72.606799,1
IND-BMC-70048,Fallen Tree / Heavy Bough,8,Resolved,"Uprooted monsoon tree obstructing dual carriageway and pedestrian access at Western Express Highway, Andheri, Mumbai.",19.053428,72.940516,16
IND-AMC-99584,Pothole / Road Cavity,9,Resolved,"Deep road crater causing severe vehicle damage and traffic bottleneck on Bopal-Ambli Road, Ahmedabad.",22.989013,72.549866,14
IND-AMC-95167,Garbage Dump / Kachra Kundi,6,Pending,"Overflowing municipal waste collection vat spilling into the street near Prahlad Nagar Road, Ahmedabad.",23.042896,72.625569,45
IND-AMC-66929,Garbage Dump / Kachra Kundi,6,Pending,"Overflowing municipal waste collection vat spilling into the street near Bopal-Ambli Road, Ahmedabad.",23.086196,72.572659,28
IND-AMC-16577,Water Pipeline Burst,7,Pending,"High pressure drinking water main pipeline leak submerging carriageway at Navrangpura Main Road, Ahmedabad.",23.003834,72.538642,30
IND-AMC-77572,Dangling Electric Cable,8,In Progress,"Low-hanging damaged power conductor cable posing electrocution threat near Bopal-Ambli Road, Ahmedabad.",23.056886,72.601428,44
IND-AMC-34698,Broken Footpath / Paver Blocks,4,In Progress,"Dislodged pavement paver tiles creating tripping risk for senior citizens at Drive-in Road, Ahmedabad.",23.048584,72.553593,43
IND-AMC-99740,Dangling Electric Cable,9,In Progress,"Low-hanging damaged power conductor cable posing electrocution threat near Maninagar Railway Cross, Ahmedabad.",23.019742,72.519823,18
IND-AMC-77293,Pothole / Road Cavity,6,Resolved,"Deep road crater causing severe vehicle damage and traffic bottleneck on Drive-in Road, Ahmedabad.",23.031797,72.627315,29
IND-AMC-83837,Broken Streetlight / Dark Spot,6,Pending,"Non-functional sodium/LED street illumination creating unsafe dark corridor at Drive-in Road, Ahmedabad.",23.00294,72.572554,33
IND-AMC-90184,Broken Footpath / Paver Blocks,5,In Progress,"Dislodged pavement paver tiles creating tripping risk for senior citizens at Nikol Ring Road, Ahmedabad.",23.02897,72.550967,32
IND-AMC-38997,Pothole / Road Cavity,6,In Progress,"Deep road crater causing severe vehicle damage and traffic bottleneck on Prahlad Nagar Road, Ahmedabad.",22.987225,72.623181,35
IND-AMC-30170,Open Manhole / Gutter,8,Pending,"Uncovered sewer chamber posing critical fatal falling hazard to pedestrians at Bopal-Ambli Road, Ahmedabad.",23.013257,72.609831,10
IND-BMC-39191,Open Manhole / Gutter,8,In Progress,"Uncovered sewer chamber posing critical fatal falling hazard to pedestrians at Powai Lake Road, Mumbai.",19.07635,72.933785,42
IND-AMC-34423,Open Manhole / Gutter,8,Pending,"Uncovered sewer chamber posing critical fatal falling hazard to pedestrians at Ashram Road near Income Tax, Ahmedabad.",22.988534,72.598675,19
IND-AMC-66126,Fallen Tree / Heavy Bough,7,In Progress,"Uprooted monsoon tree obstructing dual carriageway and pedestrian access at Bopal-Ambli Road, Ahmedabad.",22.967291,72.550023,26
IND-AMC-16543,Water Pipeline Burst,9,Pending,"High pressure drinking water main pipeline leak submerging carriageway at Ashram Road near Income Tax, Ahmedabad.",22.963388,72.624156,30
IND-AMC-64087,Pothole / Road Cavity,8,Pending,"Deep road crater causing severe vehicle damage and traffic bottleneck on Navrangpura Main Road, Ahmedabad.",23.008356,72.524601,45
IND-AMC-14875,Water Pipeline Burst,8,In Progress,"High pressure drinking water main pipeline leak submerging carriageway at Sindhu Bhavan Marg, Ahmedabad.",23.024956,72.621129,27
IND-AMC-74101,Pothole / Road Cavity,7,Resolved,"Deep road crater causing severe vehicle damage and traffic bottleneck on Maninagar Railway Cross, Ahmedabad.",23.05397,72.6095,17
IND-AMC-11492,Dangling Electric Cable,9,In Progress,"Low-hanging damaged power conductor cable posing electrocution threat near Sindhu Bhavan Marg, Ahmedabad.",23.070323,72.630343,44
IND-AMC-48864,Open Manhole / Gutter,9,In Progress,"Uncovered sewer chamber posing critical fatal falling hazard to pedestrians at Prahlad Nagar Road, Ahmedabad.",23.084401,72.621683,4
IND-AMC-48554,Open Manhole / Gutter,9,Resolved,"Uncovered sewer chamber posing critical fatal falling hazard to pedestrians at C.G. Road, Ahmedabad.",23.0155,72.592538,6
IND-AMC-24301,Garbage Dump / Kachra Kundi,6,In Progress,"Overflowing municipal waste collection vat spilling into the street near Chandkheda Ring Road, Ahmedabad.",22.986573,72.633611,27
IND-AMC-39678,Broken Streetlight / Dark Spot,7,In Progress,"Non-functional sodium/LED street illumination creating unsafe dark corridor at SG Highway near Bodakdev, Ahmedabad.",23.009674,72.624509,35
IND-AMC-63365,Pothole / Road Cavity,8,In Progress,"Deep road crater causing severe vehicle damage and traffic bottleneck on Drive-in Road, Ahmedabad.",22.98278,72.586906,11
IND-AMC-27269,Fallen Tree / Heavy Bough,7,Pending,"Uprooted monsoon tree obstructing dual carriageway and pedestrian access at Nikol Ring Road, Ahmedabad.",22.989805,72.599418,1
IND-MCD-80588,Pothole / Road Cavity,7,In Progress,"Deep road crater causing severe vehicle damage and traffic bottleneck on Connaught Place Outer Circle, Delhi-NCR.",28.623082,77.162223,12
IND-AMC-68257,Broken Streetlight / Dark Spot,6,In Progress,"Non-functional sodium/LED street illumination creating unsafe dark corridor at Vastrapur Lake Circle, Ahmedabad.",22.992563,72.575013,22
IND-BBMP-41083,Fallen Tree / Heavy Bough,8,Pending,"Uprooted monsoon tree obstructing dual carriageway and pedestrian access at Whitefield Main Road, Bengaluru.",12.90776,77.53321,46
IND-AMC-55540,Pothole / Road Cavity,6,Pending,"Deep road crater causing severe vehicle damage and traffic bottleneck on Bopal-Ambli Road, Ahmedabad.",22.968073,72.510636,28
IND-AMC-99668,Pothole / Road Cavity,9,Resolved,"Deep road crater causing severe vehicle damage and traffic bottleneck on Sindhu Bhavan Marg, Ahmedabad.",23.053147,72.567738,22
IND-AMC-79317,Broken Streetlight / Dark Spot,4,Pending,"Non-functional sodium/LED street illumination creating unsafe dark corridor at Satellite Shyamal Cross, Ahmedabad.",22.998969,72.622969,35
IND-AMC-70468,Fallen Tree / Heavy Bough,8,Pending,"Uprooted monsoon tree obstructing dual carriageway and pedestrian access at Chandkheda Ring Road, Ahmedabad.",23.072747,72.508518,26
IND-AMC-53740,Open Manhole / Gutter,8,Resolved,"Uncovered sewer chamber posing critical fatal falling hazard to pedestrians at Drive-in Road, Ahmedabad.",22.982746,72.512364,8
IND-BBMP-23196,Open Manhole / Gutter,10,Pending,"Uncovered sewer chamber posing critical fatal falling hazard to pedestrians at Koramangala 4th Block, Bengaluru.",12.991673,77.64633,18
IND-AMC-37694,Water Pipeline Burst,9,In Progress,"High pressure drinking water main pipeline leak submerging carriageway at Sindhu Bhavan Marg, Ahmedabad.",23.065271,72.519533,41
IND-AMC-41246,Broken Footpath / Paver Blocks,3,Pending,"Dislodged pavement paver tiles creating tripping risk for senior citizens at Maninagar Railway Cross, Ahmedabad.",22.973245,72.567606,48
IND-AMC-49111,Pothole / Road Cavity,7,Pending,"Deep road crater causing severe vehicle damage and traffic bottleneck on Maninagar Railway Cross, Ahmedabad.",23.022644,72.566643,27
IND-AMC-51311,Fallen Tree / Heavy Bough,8,In Progress,"Uprooted monsoon tree obstructing dual carriageway and pedestrian access at Prahlad Nagar Road, Ahmedabad.",23.079157,72.527405,22
IND-AMC-44256,Water Pipeline Burst,9,Pending,"High pressure drinking water main pipeline leak submerging carriageway at Bopal-Ambli Road, Ahmedabad.",23.07254,72.540532,13
IND-BBMP-97335,Garbage Dump / Kachra Kundi,5,Pending,"Overflowing municipal waste collection vat spilling into the street near 100ft Road, Indiranagar, Bengaluru.",12.970626,77.607787,14
IND-AMC-91826,Dangling Electric Cable,9,Resolved,"Low-hanging damaged power conductor cable posing electrocution threat near Sindhu Bhavan Marg, Ahmedabad.",23.002979,72.512965,37
IND-AMC-26075,Dangling Electric Cable,9,In Progress,"Low-hanging damaged power conductor cable posing electrocution threat near Ashram Road near Income Tax, Ahmedabad.",23.069884,72.543881,9
IND-AMC-31358,Fallen Tree / Heavy Bough,8,Pending,"Uprooted monsoon tree obstructing dual carriageway and pedestrian access at Satellite Shyamal Cross, Ahmedabad.",23.047413,72.571999,6
IND-AMC-52352,Broken Streetlight / Dark Spot,5,In Progress,"Non-functional sodium/LED street illumination creating unsafe dark corridor at Prahlad Nagar Road, Ahmedabad.",23.030266,72.574448,26
IND-AMC-41063,Open Manhole / Gutter,10,Pending,"Uncovered sewer chamber posing critical fatal falling hazard to pedestrians at Sindhu Bhavan Marg, Ahmedabad.",23.084006,72.594244,44
IND-AMC-35676,Garbage Dump / Kachra Kundi,6,Pending,"Overflowing municipal waste collection vat spilling into the street near Prahlad Nagar Road, Ahmedabad.",22.958965,72.544761,2
IND-AMC-29314,Garbage Dump / Kachra Kundi,3,Pending,"Overflowing municipal waste collection vat spilling into the street near Drive-in Road, Ahmedabad.",22.958362,72.623776,30
IND-AMC-78694,Open Manhole / Gutter,9,Resolved,"Uncovered sewer chamber posing critical fatal falling hazard to pedestrians at Drive-in Road, Ahmedabad.",23.047581,72.515065,16
IND-AMC-78665,Broken Footpath / Paver Blocks,2,Resolved,"Dislodged pavement paver tiles creating tripping risk for senior citizens at Satellite Shyamal Cross, Ahmedabad.",22.961286,72.62718,36
IND-AMC-12220,Pothole / Road Cavity,6,Pending,"Deep road crater causing severe vehicle damage and traffic bottleneck on Chandkheda Ring Road, Ahmedabad.",22.963923,72.537597,47
IND-AMC-92911,Fallen Tree / Heavy Bough,8,Pending,"Uprooted monsoon tree obstructing dual carriageway and pedestrian access at Satellite Shyamal Cross, Ahmedabad.",23.017944,72.567339,17
